,created_at,id,text
0,2021-09-27T02:30:05.000Z,1442315578664968193,"Was famed #SamsonAndDelilah really painted by #Rubens?

No, says #AI

https://t.co/zaEFkk5wsS #fintech #insurance #ArtificialIntelligence #MachineLearning #DeepLearning #DalyaAlberge @guardian @HaroldSinnott @SabineVdL @antgrasso @ipfconline1 @jblefevre60 @KMcDTech @Thomas_Harrer https://t.co/kDruirakQq"
1,2021-09-27T02:30:01.000Z,1442315561875107850,"Research and development in computer vision, artificial intelligence, and machine learning will fetch more than 20 billion US dollars by 2023.
#Research #development #computer #artificialintelligence #machinelearning #US #2023 
 #Analytixlabs https://t.co/IhGANNiRIF"
2,2021-09-27T02:29:58.000Z,1442315548235161604,"Day 51 of #100DaysOfCode but on an unrelated note I am tired of watching the 
@Yankees
beat the 
@RedSox #vacancy  #jobs #javascript #technology #cybersecurity #ArtificialIntelligence #AI #DataScience #MachineLearning #BigData https://t.co/QneydHAGDS"
3,2021-09-27T02:29:23.000Z,1442315402491543554,"A Common-Sense Guide to Data Structures and Algorithms, Second Edition

Link - https://t.co/YFFriarIPb

#Algorithms #Mathematics #100DaysOfCode #CodeNewbies #WomenWhoCode #DEVCommunity #DevOps #Coding #LearnToCode #DataAnalytics #DataScience #MachineLearning #AI #programming"
4,2021-09-27T02:29:06.000Z,1442315332861976576,Let's not overkill Deep Learning! #DeepLearning #learning #machinelearning via https://t.co/bDTgBUIWtG https://t.co/SZDbLrXRbS
5,2021-09-27T02:27:10.000Z,1442314844942655488,"What would it take to make AI ‚Äògreener‚Äô?

https://t.co/Su5TvmNbQM 
@wef

#MachineLearning #AI #Python #DataScience #BigData
#DeepLearning #IoT #100DaysOfCode #robots #flutterdev 
#ArtificialIntelligence #5G #cloud #4IR #cybersecurity"
6,2021-09-27T02:27:09.000Z,1442314839150383105,"important for businesses Google Reviews
https://t.co/JniJvOSDUY
#FraudDetection #Financial #ArtificialIntelligence  #MachineLearning #NLP #AI #100DaysofCode #serverless #iot #womenwhocode #Python #BigData"
7,2021-09-27T02:26:29.000Z,1442314672582000643,"Will #ArtificialIntelligence Be The End Of Web Design  
https://t.co/20PMwYjdYf
#DigitalMarketing
#cybersecurity
 #AI #DataScience #MachineLearning #BigData #100DaysOfCode #Python #DeepLearning #NLP #Robots #flutter
#DevOps
#5G"
8,2021-09-27T02:26:25.000Z,1442314654613606405,"A Guide to Different Types of Noises and Image Denoising Methods

 #ComputerVision #ImageNoises #ImageProcessing #ViratKothari #ImageDenoise #DataScience #MachineLearning #artificialintelligence https://t.co/2cb5tnoiYp"
9,2021-09-27T02:26:18.000Z,1442314625501048833,Read my #MachineLearning Daily https://t.co/cWfIJhOxrU Stories via @J3nTyrell #machinelearning #ai
10,2021-09-27T02:25:46.000Z,1442314490243076098,"Arity- Business Analytics Consultant Internship at Allstate - Insurance Journal https://t.co/e9o9ztZviJ

#DataScience #MachineLearning #DeepLearning #Insurance #NLP #Robots #AI #IoT #BigData"
11,2021-09-27T02:25:44.000Z,1442314485168066564,"Digitization Of Life Insurance Industry In Surprising Ways - Forbes https://t.co/mvblhj28cT

#DataScience #MachineLearning #DeepLearning #Insurance #NLP #Robots #AI #IoT #BigData"
12,2021-09-27T02:24:05.000Z,1442314069239869443,The latest The Chatbot Daily! https://t.co/H5bVyPra07 Thanks to @UrvashiPrakash #ai #machinelearning
13,2021-09-27T02:23:55.000Z,1442314025719664641,"#Bug in Microsoft #Windows Could Let Programmers Effectively Introduce a Rootkit

Read Details : https://t.co/IDHjpAQTiH

#cybersecurity #HJPatel #DataAnalytics #MachineLearning #BigData #DataScience #PyTorch #Python #TensorFlow #JavaScript #ReactJS  #WomenWhoCode  #100DaysofCode"
14,2021-09-27T02:23:54.000Z,1442314020514451458,"Incredibly talented Artist @DehiscenceArt 
‚ûï
#AI #MachineLearning 
‚ûï
Lyrics as text prompts
--------------------
Next Level Art https://t.co/SZz8LECNn9"
15,2021-09-27T02:23:16.000Z,1442313864561913860,"#Bug in Microsoft #Windows Could Let Programmers Effectively Introduce a Rootkit

Read Details : https://t.co/EWRt9CObVe

#cybersecurity #HJPatel #DataAnalytics #MachineLearning #BigData #DataScience #PyTorch #Python #TensorFlow #JavaScript #ReactJS  #WomenWhoCode  #100DaysofCode"
16,2021-09-27T02:22:36.000Z,1442313696189972492,#hclswlobp #nocode #lowcode #javascript #github #nodejs #cybersecurity #devops #100DaysOfCode #datascience #ai #bot #codenewbie #iot #machinelearning #Python #Serverless #womenintech #marketing #unica #precisionmarketing #postcovid https://t.co/pfaw1m4Kho
17,2021-09-27T02:22:05.000Z,1442313564698546178,"@aiip_official
This project has attracted my attention and has a lot of positive feedback and has an excellent team. I am sure that there will be upcoming surprises the team will show to us.
https://t.co/YarW3EW5Bt
#Investment #AIIPpromo #AIIP #AI #DeepLearning #MachineLearning"
18,2021-09-27T02:22:00.000Z,1442313543093821443,"A Gentle Introduction to Linear Regression

#MLDoodles #MachineLearning #DataScience #ArtificialIntelligence #AI #Mathematics #Math #Algebra #Algorithms 

https://t.co/Zc5Mo29InC"
19,2021-09-27T02:21:16.000Z,1442313359571841027,"https://t.co/8WzGt6hphN
@BetaMoroney
@enilev 
@MilenaLazzaroni 

#Digital
#teCh #Cloud #USA
#AI #DataScience #finServ #MachineLearning #BigData #100DaysOfCode #Python #DeepLearning #NLP #IoT #DevOps #5G #FRENCHteCh 
#flutter #CX 
#CodeNewbie  #business
#WomenWhoCode #SOciaLmediA"
20,2021-09-27T02:21:06.000Z,1442313315934371844,"URL: https://t.co/YarW3EW5Bt
#Investment #AIIPpromo #AIIP #AI #DeepLearning #MachineLearning https://t.co/fYzn1EMaUU"
21,2021-09-27T02:21:03.000Z,1442313304160882695,The latest Theo Worldview Daily! https://t.co/kDhbsOlGNA #machinelearning #datascience
22,2021-09-27T02:20:49.000Z,1442313246937997312,Data Science in Real Life https://t.co/9JDuD0qTLk  #machinelearning #datascience #bigdata #ad
23,2021-09-27T02:20:41.000Z,1442313213106786306,"What Our Customers Are Saying: Freedom Mortgages.

#hclswlobp #cloudnative #lowcode #javascript #github #nodejs #cybersecurity #devops #100DaysOfCode #ai #bot #codenewbie #machinelearning #Python #Serverless #womenintech #flutter https://t.co/0DK0E3iCS3"
24,2021-09-27T02:20:30.000Z,1442313168647118850,"45 Best #DataScience Courses

https://t.co/sKuWRiysej

#DataAnalytics #MachineLearning #BigData #PyTorch #Python #TensorFlow #JavaScript #ReactJS #Flutter #CloudComputing #DataScientist #WomenWhoCode #Programming #Coding #100DaysofCode #DEVCommunity #opensource #AI #udemyfree"
25,2021-09-27T02:20:08.000Z,1442313076376621058,"BUY GOOGLE REVIEWS: An Incredibly Easy Method That Works For All
https://t.co/tfa99MzZZ5
üá∫üá∏üá¨üáßüá¶üá∫
#MachineLearning  #DataScience #5G #100DaysOfCode #Python #Cybersecurity #usaxoom #BigData #AI #IoT #DeepLearning #ArtificialIntelligence #NLP #robots 
#Industry40 #tech #DEVCommunity https://t.co/Q6LVUe1JWV"
26,2021-09-27T02:20:08.000Z,1442313075827228676,#womenintech #django #nocode #javascript #github #nodejs #cybersecurity #devops #100DaysOfCode #datascience #ai #bot #codenewbie #iot #machinelearning #Python #Serverless #womenintech #marketing #precisionmarketing #postcovid https://t.co/XsUh7SBfpA
27,2021-09-27T02:20:05.000Z,1442313063613419522,Gravity Forms v2.5.10.1 WordPress Plugin Nulled #BigData #learning #machinelearning via https://t.co/u14WxBfOJg https://t.co/4KMWTZkkj9
28,2021-09-27T02:18:57.000Z,1442312774625886209,"https://t.co/G67wkorE9P 
@GrazyTGrazynaTT 
@BetaMoroney
@enilev 

#Digital
#teCh #Cloud
#AI #DataScience #finServ #MachineLearning #BigData #100DaysOfCode #Python #DeepLearning #NLP #IoT #DevOps #5G #FRENCHteCh 
#flutter #CX 
#CodeNewbie  #business
#WomenWhoCode #SOciaLmediA"
29,2021-09-27T02:18:07.000Z,1442312568878600192,"Read more SCiFiSOCiAL news at: 

https://t.co/h4p3s9cBIu - Kudos to @TuzinoYositeru #ai #machinelearning"
30,2021-09-27T02:17:53.000Z,1442312509403189251,"FLUTTER DEVELOPER
#Flutter
#vacancy üá±üáß
#ArtificialIntelligence 
#DigitalMarketing
#cybersecurity
#AI #DataScience #MachineLearning #BigData #100DaysOfCode #Python #DeepLearning #NLP #Robots #IoT
#DevOps
#DigitalTransformation
#CodeNewbie
#WomenWhoCode  https://t.co/eD0Rb8MH7c"
31,2021-09-27T02:17:08.000Z,1442312321066536960,"Das grausamste Verbrechen, das von M√§nnern erfunden wird, ist die Prostitution. UND SIE TUN NICHTS, UM ES ZU VERMEIDEN
# # # #ai #artificialintelligence #machinelearning #deeplearning #datascience #ml #bigdata #leadership #innovation #futureofwork https://t.co/W4wciUKBv8"
32,2021-09-27T02:17:05.000Z,1442312307892178944,"Deal With Data Imbalance In Classification Problems

#datascience #classification #imbalancedData #ai #ml #artificialintelligence #machinelearning #viratkothari https://t.co/8AXsD49pY4"
33,2021-09-27T02:17:04.000Z,1442312303257391109,"ASPI‚Äôs decades: 

#Cyberattacks, #deepfakes and the #quantum revolution 

https://t.co/XbwAGwOuqA #fintech #GraemeDobell @aspi_org #AI #ArtificialIntelligence #MachineLearning #DeepLearning @m49D4ch3lly @Shirastweet @missdkingsbury @mclynd https://t.co/SZ6P2MCQto"
34,2021-09-27T02:16:14.000Z,1442312092967751681,The latest #Blockchain #CyberSecurity Briefing! https://t.co/L6O17x44ET Thanks to @Xbond49 #cybersecurity #machinelearning
35,2021-09-27T02:14:47.000Z,1442311726964248579,"WebAr demo with fluid effect

#DataAnalytics #MachineLearning #BigData #DataScience #PyTorch #Python #TensorFlow #JavaScript #ReactJS #Flutter #CloudComputing #DataScientist #WomenWhoCode #Programming #Coding #100DaysofCode #DEVCommunity #opensource #AI"
36,2021-09-27T02:12:44.000Z,1442311214051172354,"Modern Natural Language Processing in Python #udemycoupon 

=&gt; https://t.co/vV3Kr2KnCO

#DataScience #Python #DataAnalysis #ArtificialIntelligence #DeepLearning #Statistics #R #TensorFlow #MachineLearning #javascript30 #100DaysOfCode #Udemy„ÅÆÁ•ûË¨õÂ∫ß #udemy"
37,2021-09-27T02:12:32.000Z,1442311163451039754,What makes a race great? Join this live Hands on Lab and discover first-hand the basics of #analytics and #machinelearning. @redbullracing @OracleAnalytics https://t.co/8NPGyGRolD https://t.co/Zg3OGGerUB
38,2021-09-27T02:12:21.000Z,1442311115145297925,"Want to attract top #talent?
Your job ad needs to capture their attention. 

#HRCommunity #Innovation #hr
#MachineLearning #5G #DataScience #100DaysOfCode
#Python #ceo #AI #IoT #Industry40 #Analytics #BigData #Rstats #AI #Reactjs #flutter #javascript #software #startups"
39,2021-09-27T02:11:47.000Z,1442310973029642243,"Patrick aka @python_engineer has a great #machinelearning study plan that you can do for free.

He‚Äôs also got a great YouTube channel https://t.co/CmitlFkx5l follow him while you‚Äôre at it.

Check it out üëá https://t.co/w45Ye8qGpT"
40,2021-09-27T02:11:10.000Z,1442310817383280649,"Google Professional Machine Learning Engineer Certification
#Google #GCM #Machinelearning #certification
https://t.co/OVkgzITJ6c"
41,2021-09-27T02:10:15.000Z,1442310585996111872,The latest The Computer science Daily! https://t.co/sv995pNIcH Thanks to @jwmevans @BBrhayan #machinelearning #ai
42,2021-09-27T02:09:52.000Z,1442310491787857925,"AI-driven Crop Intelligence Software Intelinair Raises $20 Million in Series B  

#AI #MachineLearning #seriesB #fundraising 

https://t.co/pDchkEqN2g"
43,2021-09-27T02:09:45.000Z,1442310460917764101,"üí™‚Äãüåé‚ÄãüèÜ‚Äã Humbled to have been ranked as one of the ùó™ùóºùóøùóπùó±'ùòÄ ùóßùóºùóΩ ùóûùó≤ùòÜ ùó¢ùóΩùó∂ùóªùó∂ùóºùóª ùóüùó≤ùóÆùó±ùó≤ùóøùòÄ in prestigious ""ùó™ùóµùóº'ùòÄ ùó™ùóµùóº ùó∂ùóª #ùóîùóú? ùóøùó≤ùóΩùóºùóøùòÅ"" published by @Onalytica  üèÜüåé‚ÄãüèÜ
#ArtificialIntelligence #Analytics #DataScience #MachineLearning #ML #BigData https://t.co/SVaPhSQZ4c"
44,2021-09-27T02:08:59.000Z,1442310268676186118,¬°The Ugaotrader¬Æ Post! https://t.co/Vh86sD1HbX Thx! @Ryan_Lanham #ai #machinelearning
45,2021-09-27T02:08:41.000Z,1442310193933598722,The latest The Technology Disrupter! https://t.co/ZocjmVAByf #ai #machinelearning
46,2021-09-27T02:07:36.000Z,1442309920049614852,"Cheatsheets in R. #BigData #Analytics #DataScience #AI #MachineLearning #IoT #IIoT #PyTorch #Python #RStats #TensorFlow #Java #JavaScript #ReactJS #GoLang #CloudComputing #Serverless #DataScientist #Linux #Programming #Coding #100DaysofCode 
https://t.co/vpcuf4LN6y"
47,2021-09-27T02:07:31.000Z,1442309897693978629,"#CalendarioMaya, #Automatizaci√≥n, #MachineLearning 
Jun b'alaj ula'n skyeru' - #Awakateka -,
Bienvenidos.
13 Baktun 0 Katun 8 Tun 16 Uinal 1 Kin. 19 Chen / 7 Imix.
26/Septiembre/2021. La fase de la luna es: Luna gibosa menguante a las 0 hrs : 7 : min https://t.co/uZ4m5BUaKb"
48,2021-09-27T02:07:00.000Z,1442309768962510851,"üí• Overview of machine learning reinforcement!
Source: Azure Advocates

#MachineLearning #DataScience #Overview https://t.co/o2fcTdTCWc"
49,2021-09-27T02:05:00.000Z,1442309265092382723,"Peacock I
Digital Art created via Convolutional Neural Networks and Deep Learning
https://t.co/YGeR2o45Mn

#suninshadow #nature #naturelovers #bird #peacock
#art #painting #digitalpainting #digitalart #digitalartwork #machinelearning #deeplearning #artificialintelligence https://t.co/dK944Y7DFB"
50,2021-09-27T02:04:26.000Z,1442309125031956484,The latest The Productivity Daily! https://t.co/Z96dQN5TOL #ai #machinelearning
51,2021-09-27T02:03:29.000Z,1442308883305975810,The latest The Robotics Daily! https://t.co/cHcnEeIR3I #ai #machinelearning
52,2021-09-27T02:02:28.000Z,1442308630544453635,"Learn how AI models helped to forecast electricity demand across Guatemala to increase grid stability, maximize power generated from renewable resources, and lower energy costs. #AI #Machinelearning #deeplearning https://t.co/0Nx4GHhWBZ"
53,2021-09-27T02:01:43.000Z,1442308440236331009,"Gap Inc. has a new Data Scientist open position

#hiring #datasciencejobs #datayoshi #MachineLearning

‚¨áÔ∏è‚¨áÔ∏è Apply here ‚¨áÔ∏è‚¨áÔ∏è

https://t.co/XTvMhVT5Bc"
54,2021-09-27T02:00:40.000Z,1442308174141280262,"The best view comes after the hardest climb
#ArtificialIntelligence #AI #MachineLearning #5G #DeepLearning #DataScience #NLP #Python #FF #Cybersecurity #tech #bot #BigData #twitme #code #robots #Industry40 #NodeJS #100DaysOfCode #IoT
WhatsApp: https://t.co/xdlpRkntNR"
55,2021-09-27T02:00:36.000Z,1442308159276605444,"How to Visualize and Debug #MachineLearning Models using ELI5? -
2021-09-26T04:31:34Z

@GlenGilmore @ronald_vanloon 

#Transformers #LSTMs #DeepNeuralNetworks #React #SentimentAnalysis #Bitcoin #MetaLearning #LinearRegression #Theano #IoT 

https://t.co/1biASsw7P8"
56,2021-09-27T02:00:05.000Z,1442308030238969856,"According to  world economic forum the adoption of intelligent automation will rise to 70% around the world in the coming two years.

#intelligentautomation #artificialintelligence #machinelearning https://t.co/bE34FYvrDT"
57,2021-09-27T01:59:55.000Z,1442307987356405760,Google Cloud (GCP) Professional Cloud Architect (New '21) https://t.co/XFDrUT82U5  #machinelearning #datascience #bigdata #ad
58,2021-09-27T01:59:08.000Z,1442307788705722369,"Gravity Forms
@shashiwhocodes
https://t.co/5sZg4XCKee
#Neo4j #learning #DataAnalytics #MachineLearning #BigData #DataScience #Python #JavaScript #ReactJS #Techno #Tech #Science #DataScientist #Coding #100DaysofCode #opensource #cloud #Nodejs #WomenWhoCode #Robot #DivyankaTripathi"
59,2021-09-27T01:59:06.000Z,1442307783366479878,AI and the cloud enable energy's transformative leap #DeepLearning #learning #machinelearning via https://t.co/bDTgBUIWtG https://t.co/muXHJ7GLd4
60,2021-09-27T01:58:54.000Z,1442307730711007234,"Tonight's winners: https://t.co/KvIcRpDp2K
#TonyAwards for best play
#Theinheritance

@BetaMoroney
@EvaSmartAI

#Digital
#teCh #Cloud #USA
#AI #DataScience #finServ #MachineLearning #BigData #100DaysOfCode #Python #IoT #DevOps #FRENCHteCh 
#flutter #CX #WomenWhoCode #SOciaLmediA https://t.co/yaKrt0bew1"
61,2021-09-27T01:57:32.000Z,1442307388737040388,"FLUTTER DEVELOPER
#Flutter
#vacancy üá±üáß
#ArtificialIntelligence 
#DigitalMarketing
#cybersecurity
#AI #DataScience #MachineLearning #BigData #100DaysOfCode #Python #DeepLearning #NLP #Robots #IoT
#DevOps
#DigitalTransformation
#CodeNewbie
#WomenWhoCode  https://t.co/UVFHCUHMXa"
62,2021-09-27T01:57:32.000Z,1442307388732702723,"FLUTTER DEVELOPER
#Flutter
#vacancy üá±üáß
#ArtificialIntelligence 
#DigitalMarketing
#cybersecurity
#AI #DataScience #MachineLearning #BigData #100DaysOfCode #Python #DeepLearning #NLP #Robots #IoT
#DevOps
#DigitalTransformation
#CodeNewbie
#WomenWhoCode  https://t.co/UVFHCUqbyA"
63,2021-09-27T01:57:03.000Z,1442307265273348099,#ai #deeplearning #writing #gpt3 #machinelearning Expert Breakdown Of The New Gpt3 Online Text Generators + Online Demo https://t.co/OatzUFa74o
64,2021-09-27T01:56:04.000Z,1442307019872948229,#ai #deeplearning #writing #gpt3 #machinelearning Expert Breakdown Of The New Gpt3 Online Text Generators + Online Demo https://t.co/4TCrcHbqsZ
65,2021-09-27T01:56:03.000Z,1442307011907964931,#vulkan #ailiatechnology #machinelearning #neon #ai Optimizing NN inference performance on Arm NEON and Vulkan https://t.co/iOYQZniHgp
66,2021-09-27T01:54:55.000Z,1442306729031647234,Data Pipelines with TensorFlow Data Services https://t.co/kiUEogU01E  #machinelearning #datascience #bigdata #ad
67,2021-09-27T01:54:50.000Z,1442306706667495427,"#Investment #AllPpromo #AIIP #AI #DeepLearning #MachineLearning and https://t.co/CN7DFck5u5
Wonderful project. This project is top listed. This project is perfect from every angle. I recommend you to see their announcement and work."
68,2021-09-27T01:54:37.000Z,1442306654184230912,"Interesting, But Less Spoken Facts About #ArtificialIntelligence
#DigitalMarketing
#cybersecurity
#AI #DataScience #MachineLearning #BigData #100DaysOfCode #Python #DeepLearning #NLP #Robots #IoT
#DevOps
#DigitalTransformation
#CodeNewbie
#WomenWhoCode"
69,2021-09-27T01:54:33.000Z,1442306635037167619,"Expert Breakdown Of The New Gpt3 Online Text Generators + Online Demo https://t.co/26WVDweyVo #AI #MachineLearning #DataScience #ArtificialIntelligence

Trending AI/ML Article Identified &amp; Digested via Granola; a Machine-Driven RSS Bot by Ramsey Elbasheer https://t.co/HGSD8erlSj"
70,2021-09-27T01:53:44.000Z,1442306431399522307,"Next #ComputerVision challenge ! 
Eating a toast üçû or talking to a phone üì±?

Follow me for more #machinelearning stuff. https://t.co/2hQ9Qq9xCu"
71,2021-09-27T01:53:23.000Z,1442306344078528513,"scikit-optimize: Sequential model-based optimization with a  `scipy.optimize` interface
Lang: Python
‚≠êÔ∏è 2192
#MachineLearning
https://t.co/Bw7lz1NqzK"
72,2021-09-27T01:53:00.000Z,1442306245373804552,"https://t.co/j1d5TBSoT5 
#American Utopia 
#TonyAwards 
@BetaMoroney
@enilev 

#Digital
#teCh #Cloud
#AI #DataScience #finServ #MachineLearning #BigData #100DaysOfCode #Python #USA #NLP #IoT #DevOps #5G #FRENCHteCh 
#flutter #CX 
#CodeNewbie  #business
#WomenWhoCode #SOciaLmediA"
73,2021-09-27T01:52:36.000Z,1442306145050267649,"Data Scientists Without Data Engineering Skills Will Face a Harsh Truth

#5G #100DaysOfCode #AI #Analytics #ArtificialIntelligence #BigData #Cloud #Data #DataScience #Flutter #LifeAtBooz #MachineLearning #ML #NodeJS #Python #VR #WomenWhoCode 

https://t.co/81TQcrhbXN"
74,2021-09-27T01:52:16.000Z,1442306061680078849,"How it Works: Meet GitHub Copilot - Your AI Pair Programmer. #BigData #Analytics #DataScience #AI #MachineLearning #IoT #IIoT #Python #RStats #TensorFlow #JavaScript #ReactJS #Serverless #DataScientist #Linux #Programming #Coding #100DaysofCode 
https://t.co/YPIltF0c9N"
75,2021-09-27T01:52:08.000Z,1442306029581004805,"#MachineLearning  #DataScience #5G #100DaysOfCode
#Python #Cybersecurity #BigData #AI #IoT https://t.co/goVqEC9cHJ"
76,2021-09-27T01:51:38.000Z,1442305903626129411,"We can help with;
Math
English
History
Chemistry
Biology
Ecology
Genetics
Pharmacology
Anatomy
Biostatistics
Biochemistry
Psychology
#MachineLearning  #DataScience #5G #100DaysOfCode
#Python #Cybersecurity #BigData #AI #IoT #DeepLearning
#ArtificialIntelligence #NLP #robots 
DM"
77,2021-09-27T01:51:02.000Z,1442305750467022850,EIT Toolkit for Motion Sensing Instruments by @MIT_CSAIL. #BigData #Analytics #DataScience #AI #MachineLearning #IoT #IIoT #Python #RStats #TensorFlow #JavaScript #ReactJS #Serverless #DataScientist #Linux #Programming #Coding #100DaysofCode https://t.co/j2nsNC8maR
78,2021-09-27T01:51:00.000Z,1442305744154488836,"#RemoteJobs
üíª  workfront: Technical Training Manager
‚úîÔ∏è Tech stacks: #Security  #AmazonWebServices  #Machinelearning

Apply here -&gt; https://t.co/72dVV03cmU
 
#devjobs #techjobs #engineerjob #programming"
79,2021-09-27T01:50:14.000Z,1442305551828803585,The latest The Breaking Injury News Daily! https://t.co/bCjU0oN9I7 Thanks to @UWWMmediation @mosmedical @masstortnewsorg #covid19 #machinelearning
80,2021-09-27T01:50:08.000Z,1442305525203488768,#womenintech #django #nocode #javascript #github #nodejs #cybersecurity #devops #100DaysOfCode #datascience #ai #bot #codenewbie #iot #machinelearning #Python #Serverless #womenintech #marketing #precisionmarketing #postcovid https://t.co/yw2maJhBO8
81,2021-09-27T01:50:01.000Z,1442305496078241792,The latest The books Daily! https://t.co/YN1dAEg62O #books #machinelearning
82,2021-09-27T01:49:55.000Z,1442305470987862017,Road to Big Data testing(Cover all Prerequisite) https://t.co/xFdEWAIWh2  #machinelearning #datascience #bigdata #ad
83,2021-09-27T01:49:50.000Z,1442305447575183361,"https://t.co/6MmSfBjVTx #digitalMARKETiNG  

@BetaMoroney
@enilev @IngridBooltink 

#Digital
#teCh #Cloud
#AI #DataScience #finServ #MachineLearning #BigData #100DaysOfCode #Python #blogger #IoT #DevOps #5G #FRENCHteCh
#flutter #CX
#CodeNewbie #business
#WomenWhoCode #SOciaLmediA"
84,2021-09-27T01:49:27.000Z,1442305353216057351,Samsung hopes to 'copy and paste' the brain to 3D chip networks üß†=ü§ñ‚û°Ô∏è https://t.co/rDBxgzM7ZS | via @jonfingas @engadget #AI #tech #Robots #Robotics #MachineLearning #ArtificialIntelligence https://t.co/PqTezXH6o9
85,2021-09-27T01:48:45.000Z,1442305177877454848,The latest The Machine learning Daily! https://t.co/mV4vi6r3wJ #machinelearning #ai
86,2021-09-27T01:48:40.000Z,1442305155303628808,Machine Learning for Time Series Data in Python. This course focuses on feature engineering and machine learning for time series data https://t.co/ez4In3lN17 #python #machinelearning #datascience
87,2021-09-27T01:48:03.000Z,1442305001322209285,Healthy Country AI https://t.co/E8mFIdPAiS #MachineLearning #DeepLearning https://t.co/edCudwcyvj
88,2021-09-27T01:48:02.000Z,1442304994590412803,"We are keeping working on new tech!
Our AiSpokesgirl is gonna out soon. 
#ai #MachineLearning #DeepLearning 
@abhibisht89 @z4chburris @MarkDeRiz @ricardo_ik_ahau @godfrey_G_
Thanks for the #RTs!"
89,2021-09-27T01:47:30.000Z,1442304862348214273,"#CalendarioMaya, #Automatizaci√≥n, #MachineLearning 
Chaab'il jejuli - #Akateka -,
Bienvenidos.
13 Baktun 0 Katun 8 Tun 16 Uinal 1 Kin. 19 Chen / 7 Imix.
26/Septiembre/2021. La fase de la luna es: Luna gibosa menguante a las 19 hrs : 2 7 min https://t.co/KiWxmxKsTF"
90,2021-09-27T01:47:06.000Z,1442304762477690881,Master Popups v3.7.5 ‚Äì Popup Plugin for WordPress &amp; Popup Editor #Learning #machinelearning via https://t.co/V7FfW08zbr https://t.co/Ft3wMLpc5k
91,2021-09-27T01:46:09.000Z,1442304523796561920,"With the right technology and the right provider, it is already possible to achieve a high degree of integration between different collaboration platforms . 
#HRCommunity #Innovation #hr
#MachineLearning #5G #DataScience #100DaysOfCode
#Python #ceo #AI #IoT #Industry40 #Analytics"
92,2021-09-27T01:45:58.000Z,1442304476027760644,Machine learning uncovers &amp;#8216;genes of importance&amp;#8217; in agriculture and medicine: Approach using evolutionary principles identifies genes that enable plants to grow more with less fertilizer #BigData #Health #MachineLearning https://t.co/iHkamfEKZV
93,2021-09-27T01:45:47.000Z,1442304430255136776,"For week 3 ( Machine Learning for Classification)
I worked on the New York Airbnb Data, I had to submit an incomplete assignment in order to work on another equally urgent project. I will finish it up within this week. 
#Python #MachineLearning"
94,2021-09-27T01:45:29.000Z,1442304355642732546,https://t.co/6rXGZDPwmD  #CyberSecurity #MachineLearning #AI #kalilinux #Linux #ML #ciso #infosec #Cyberattack #cybersec #Cybercrime #pentest #hacks #hacking #Programming #100DaysofCode #coding #parrotsec
95,2021-09-27T01:45:01.000Z,1442304235681419264,#ArtificialIntelligence #AI #DataScience #100DaysOfCode #Python #MachineLearning #BigData #DeepLearning #NLP #Robots #IoT https://t.co/qzjOe8K60I
96,2021-09-27T01:45:00.000Z,1442304231919300614,Why artificial intelligence may not be suitable for all sorts of businesses https://t.co/mZy2LpOaMq #tech #business #AI #machinelearning
97,2021-09-27T01:44:21.000Z,1442304070715273219,"Why Do Companies Struggle With Ethical Artificial Intelligence? - News @ Northeastern - News@Northeastern

Read more here: https://t.co/ZVR8bRRaG5

#ArtificialIntelligence #AI #DataScience #100DaysOfCode #Python #MachineLearning #BigData #DeepLearning #NLP #Robots #IoT"
98,2021-09-27T01:44:01.000Z,1442303984841019398,"For week 3 ( Machine Learning for Classification)

I worked on the New York Airbnb Data, I had to submit an incomplete assignment in order to work on another equally urgent project. I will finish it up within this week. 

#Python #MachineLearning"
99,2021-09-27T01:43:39.000Z,1442303891501039622,"‡ÆÖ‡Æ™‡Øç‡Æ™‡Æü‡Æø‡ÆØ‡Øá ‡Æµ‡Ææ‡ÆØ‡Øç ‡Æµ‡Øà‡Æï‡Øç‡Æï‡Æ≤‡Ææ‡ÆÆ‡Øç .....urinji urinji yedukalam#AI #DataScience #MachineLearning #BigData #100DaysOfCode #Python #DeepLearning #Robots #IoT
#DevOps https://t.co/WSB0RSm2Dl"
